熬夜冠军,过载
秃头女孩,过载
寄云间,过载
不信命,过载
烟客,过载
保质期,过载
夜间浴霸,过载
繁花,过载
熬夜鸭,过载
小火汁,过载
一世白头,过载
月下的大卫,过载
陈勇,过载
骑骑金,过载
不眠人,过载
无归,过载
二营长,过载
莲莲,过载
书虫,过载
翼德,过载
冠羽,精技
泄矢雅可,精技
铁头智纯,精技
黑仔,精技
菲尼尔,精技
阿奈瑟乔皮克,精技
兰伯特,精技
卡特莫,精技
青栈,精技
红叶堆,精技
舟摇,精技
寒霜,精技
瑞德,精技
非真,精技
长火龙,精技
五月婷,精技
虫农,精技
吃月亮的人,精技
老虚比,精技
圆月,精技
怀中猫,摸鱼
块儿,摸鱼
幼儿园老大,摸鱼
大众情人,摸鱼
乐果,摸鱼
水月,摸鱼
狱中猫,摸鱼
贼婆,摸鱼
糖豆,摸鱼
月半,摸鱼
萌汉药,摸鱼
临时情人,摸鱼
三水,摸鱼
清酒浪人,摸鱼
王大宝,摸鱼
牛爷爷,摸鱼
不动人,摸鱼
喝奶茶的兰兰,摸鱼
闰土的叉,摸鱼
淡水鱼人码头,摸鱼
腿毛妹妹,暗算
笨小猪,暗算
粉扑扑,暗算
抠脚大仙,暗算
七眠,暗算
西乡,暗算
川暮,暗算
九亿少女的梦,暗算
半截影,暗算
暗喜,暗算
阴阳师鲍勃,暗算
AVI,暗算
普林斯.卢,暗算
作噩郎,暗算
醉波,暗算
切歌人,暗算
教主,暗算
接线人,暗算
太木蓝,暗算
屑一狼,暗算
任他狂,忍耐
灯灭魂亡,忍耐
冷不瞪,忍耐
无心人,忍耐
嗯哼,忍耐
月眠,忍耐
念安,忍耐
囚念,忍耐
迎臣,忍耐
凡双,忍耐
瑞君子,忍耐
树人,忍耐
拉女士的狼人,忍耐
屋姐,忍耐
金轮,忍耐
岗阪日川,忍耐
沉默人,忍耐
蓝天,忍耐
成名哲,忍耐
溺水睫毛,忍耐
落雁,善舞
赏花人,善舞
七濑茉莉,善舞
凯莉,善舞
西蒙,善舞
新词,善舞
维克莉,善舞
杰拉特,善舞
恒博,善舞
月光船,善舞
扳手,善舞
校长,善舞
大棚的瓜,善舞
泡茶人,善舞
林董,善舞
群岚,善舞
大鸽鸽,善舞
笑闻,善舞
邪教头子,善舞
绛栖,善舞
粉红老爷爷,隐世
曲文桑,隐世
秀竹,隐世
子不语,隐世
送舟行,隐世
老妖怪,隐世
执扇,隐世
木槿,隐世
素衣,隐世
浅阳,隐世
薄年,隐世
成荫,隐世
如来,隐世
酥酥,隐世
无归,隐世
佛之连连,隐世
交通灯,隐世
看日落,隐世
钓鱼人,隐世
岁长衣薄,隐世
空山梦,叛乱
莫忘,叛乱
亡命徒,叛乱
爷的范,叛乱
与否,叛乱
寻云,叛乱
太阳很抱歉,叛乱
莱妮莎,叛乱
猹爷,叛乱
铲宝,叛乱
坏东西,叛乱
米诺陶,叛乱
大班长,叛乱
胡桃夹子,叛乱
金衣男,叛乱
闰子哥,叛乱
雪山山庄庄主,叛乱
鱼人码头头子,叛乱
酒坟,叛乱
钉头,叛乱
